Term	Overlap	P-value	Adjusted P-value	Old P-value	Old Adjusted P-value	Odds Ratio	Combined Score	Genes
activation of protein kinase B activity (GO:0032148)	2/31	7.383210151112932E-4	0.08300913718424237	0	0	57.3132183908046	413.29317445587276	NTF3;FGF1
positive regulation of protein localization to cell periphery (GO:1904377)	2/52	0.0020704120293736665	0.08300913718424237	0	0	33.20666666666666	205.21745381534538	GPER1;NKD2
positive regulation of protein localization to plasma membrane (GO:1903078)	2/52	0.0020704120293736665	0.08300913718424237	0	0	33.20666666666666	205.21745381534538	GPER1;NKD2
positive regulation of cell motility (GO:2000147)	3/221	0.002868548975158989	0.08300913718424237	0	0	11.820502592740327	69.19661886688903	GPER1;NTF3;FGF1
positive regulation of cell population proliferation (GO:0008284)	4/474	0.0030787533905804643	0.08300913718424237	0	0	7.545067698259188	43.63486569180414	GPER1;NTF3;FGF1;SHANK2
wound healing (GO:0042060)	2/70	0.0037170469862234513	0.08300913718424237	0	0	24.394607843137255	136.4835800450302	FGF1;PLEC
positive regulation of protein secretion (GO:0050714)	2/72	0.003927803030350003	0.08300913718424237	0	0	23.695238095238096	131.26391891912468	GPER1;FRMD4A
positive regulation of secretion by cell (GO:1903532)	2/72	0.003927803030350003	0.08300913718424237	0	0	23.695238095238096	131.26391891912468	GPER1;FRMD4A
positive regulation of synaptic transmission (GO:0050806)	2/73	0.0040352292410553575	0.08300913718424237	0	0	23.360328638497652	128.77830067421306	GPER1;SHANK2
positive regulation of signal transduction (GO:0009967)	3/252	0.004148139482286545	0.08300913718424237	0	0	10.332634887375589	56.67548770609631	GPER1;NTF3;FGF1
positive regulation of phosphatidylinositol 3-kinase signaling (GO:0014068)	2/77	0.004478508328909173	0.08300913718424237	0	0	22.11	119.58116668405684	GPER1;NTF3
regulation of protein localization to plasma membrane (GO:1903076)	2/80	0.004825124607754327	0.08300913718424237	0	0	21.256410256410255	113.37996456718191	GPER1;NKD2
positive regulation of cell migration (GO:0030335)	3/269	0.004976215312577435	0.08300913718424237	0	0	9.663942464857797	51.248714649067225	GPER1;NTF3;FGF1
positive regulation of intracellular signal transduction (GO:1902533)	4/546	0.005095656915559929	0.08300913718424237	0	0	6.518617913451862	34.41417425912912	GPER1;PLEKHG5;NTF3;FGF1
collagen fibril organization (GO:0030199)	2/89	0.0059368006654117985	0.08300913718424237	0	0	19.048850574712645	97.6555497039303	COL12A1;PLEC
positive regulation of neurotransmitter transport (GO:0051590)	1/5	0.006483689369798885	0.08300913718424237	0	0	199.7	1006.1815770136444	GPER1
regulation of inositol trisphosphate biosynthetic process (GO:0032960)	1/5	0.006483689369798885	0.08300913718424237	0	0	199.7	1006.1815770136444	GPER1
apoptotic chromosome condensation (GO:0030263)	1/5	0.006483689369798885	0.08300913718424237	0	0	199.7	1006.1815770136444	GPER1
bone marrow development (GO:0048539)	1/5	0.006483689369798885	0.08300913718424237	0	0	199.7	1006.1815770136444	LRRC17
regulation of endothelial tube morphogenesis (GO:1901509)	1/5	0.006483689369798885	0.08300913718424237	0	0	199.7	1006.1815770136444	FGF1
positive regulation of protein localization to membrane (GO:1905477)	2/101	0.0075832442771842316	0.08300913718424237	0	0	16.72979797979798	81.67176477193298	GPER1;NKD2
positive regulation of neurotransmitter secretion (GO:0001956)	1/6	0.007775574144635047	0.08300913718424237	0	0	159.752	775.8783981291459	GPER1
positive regulation of cholesterol metabolic process (GO:0090205)	1/6	0.007775574144635047	0.08300913718424237	0	0	159.752	775.8783981291459	FGF1
positive regulation of cellular process (GO:0048522)	4/625	0.008171835024600713	0.08300913718424237	0	0	5.666227492314449	27.237905672409106	GPER1;NTF3;FGF1;SHANK2
regulation of phosphatidylinositol 3-kinase signaling (GO:0014066)	2/106	0.008323428116563643	0.08300913718424237	0	0	15.92147435897436	76.24286296118709	GPER1;NTF3
long-term synaptic depression (GO:0060292)	1/7	0.009065844334115208	0.08300913718424237	0	0	133.12	626.0954814439701	SHANK2
translational readthrough (GO:0006451)	1/7	0.009065844334115208	0.08300913718424237	0	0	133.12	626.0954814439701	DIO2
regulation of morphogenesis of an epithelium (GO:1905330)	1/7	0.009065844334115208	0.08300913718424237	0	0	133.12	626.0954814439701	FGF1
positive regulation of vascular associated smooth muscle cell differentiation (GO:1905065)	1/7	0.009065844334115208	0.08300913718424237	0	0	133.12	626.0954814439701	GPER1
regulation of neurotrophin TRK receptor signaling pathway (GO:0051386)	1/7	0.009065844334115208	0.08300913718424237	0	0	133.12	626.0954814439701	NTF3
regulation of endothelial cell chemotaxis to fibroblast growth factor (GO:2000544)	1/7	0.009065844334115208	0.08300913718424237	0	0	133.12	626.0954814439701	FGF1
selenocysteine incorporation (GO:0001514)	1/7	0.009065844334115208	0.08300913718424237	0	0	133.12	626.0954814439701	DIO2
activation of protein kinase activity (GO:0032147)	2/114	0.009572579119047476	0.08406408997559771	0	0	14.77827380952381	68.7020167618776	NTF3;FGF1
kidney epithelium development (GO:0072073)	1/8	0.010354501736256563	0.08406408997559771	0	0	114.09714285714286	521.4620402892078	FGF1
positive regulation of smooth muscle contraction (GO:0045987)	1/9	0.011641548186931168	0.08406408997559771	0	0	99.83	444.5604442545611	GPER1
positive regulation of inositol phosphate biosynthetic process (GO:0060732)	1/9	0.011641548186931168	0.08406408997559771	0	0	99.83	444.5604442545611	GPER1
endothelial cell chemotaxis (GO:0035767)	1/9	0.011641548186931168	0.08406408997559771	0	0	99.83	444.5604442545611	PLEKHG5
intestinal epithelial cell differentiation (GO:0060575)	1/9	0.011641548186931168	0.08406408997559771	0	0	99.83	444.5604442545611	PYY
positive regulation of protein phosphorylation (GO:0001934)	3/371	0.01199847401469733	0.08406408997559771	0	0	6.949196597353497	30.736128398454216	GPER1;NTF3;FGF1
protein prenylation (GO:0018342)	1/10	0.012926985542465876	0.08406408997559771	0	0	88.73333333333333	385.85142072369416	AIPL1
nerve growth factor signaling pathway (GO:0038180)	1/10	0.012926985542465876	0.08406408997559771	0	0	88.73333333333333	385.85142072369416	NTF3
arginine metabolic process (GO:0006525)	1/10	0.012926985542465876	0.08406408997559771	0	0	88.73333333333333	385.85142072369416	NAGS
urea cycle (GO:0000050)	1/10	0.012926985542465876	0.08406408997559771	0	0	88.73333333333333	385.85142072369416	NAGS
positive regulation of macromolecule metabolic process (GO:0010604)	3/384	0.013160850858987633	0.08406408997559771	0	0	6.7076343717904825	29.04746900504566	GPER1;NTF3;FGF1
positive regulation of alcohol biosynthetic process (GO:1902932)	1/11	0.014210815676953212	0.08406408997559771	0	0	79.856	339.6876146735057	FGF1
columnar/cuboidal epithelial cell differentiation (GO:0002065)	1/11	0.014210815676953212	0.08406408997559771	0	0	79.856	339.6876146735057	PYY
glutamine family amino acid biosynthetic process (GO:0009084)	1/11	0.014210815676953212	0.08406408997559771	0	0	79.856	339.6876146735057	NAGS
mesonephros development (GO:0001823)	1/11	0.014210815676953212	0.08406408997559771	0	0	79.856	339.6876146735057	FGF1
induction of positive chemotaxis (GO:0050930)	1/11	0.014210815676953212	0.08406408997559771	0	0	79.856	339.6876146735057	NTF3
regulation of cell migration (GO:0030334)	3/408	0.015472204304082054	0.08406408997559771	0	0	6.302415458937198	26.272943202409024	GPER1;NTF3;FGF1
positive regulation of cardiocyte differentiation (GO:1905209)	1/12	0.015493040473318351	0.08406408997559771	0	0	72.59272727272727	302.5203442580517	GPER1
positive regulation of protein maturation (GO:1903319)	1/12	0.015493040473318351	0.08406408997559771	0	0	72.59272727272727	302.5203442580517	NKD2
thyroid hormone generation (GO:0006590)	1/12	0.015493040473318351	0.08406408997559771	0	0	72.59272727272727	302.5203442580517	DIO2
hemidesmosome assembly (GO:0031581)	1/12	0.015493040473318351	0.08406408997559771	0	0	72.59272727272727	302.5203442580517	PLEC
regulation of cell population proliferation (GO:0042127)	4/764	0.016171583637269386	0.0861504364676351	0	0	4.5966507177033495	18.958884384072608	GPER1;NTF3;FGF1;SHANK2
negative regulation of hippo signaling (GO:0035331)	1/13	0.016773661823445914	0.08776219489767237	0	0	66.54	272.01188501169923	SHANK2
negative regulation of cell activation (GO:0050866)	1/14	0.01805268161758667	0.08849562209637128	0	0	61.418461538461536	246.562020931719	GPER1
vasodilation (GO:0042311)	1/14	0.01805268161758667	0.08849562209637128	0	0	61.418461538461536	246.562020931719	GPER1
adenylate cyclase-modulating G protein-coupled receptor signaling pathway (GO:0007188)	2/165	0.01931095985723162	0.08849562209637128	0	0	10.128323108384459	39.97732665234091	GABBR1;GPER1
steroid hormone mediated signaling pathway (GO:0043401)	1/15	0.019330101754838777	0.08849562209637128	0	0	57.02857142857143	225.0399736139121	GPER1
positive regulation of sprouting angiogenesis (GO:1903672)	1/15	0.019330101754838777	0.08849562209637128	0	0	57.02857142857143	225.0399736139121	FGF1
negative regulation of leukocyte activation (GO:0002695)	1/15	0.019330101754838777	0.08849562209637128	0	0	57.02857142857143	225.0399736139121	GPER1
regulation of phospholipase C activity (GO:1900274)	1/15	0.019330101754838777	0.08849562209637128	0	0	57.02857142857143	225.0399736139121	NTF3
regulation of endothelial cell chemotaxis (GO:2001026)	1/15	0.019330101754838777	0.08849562209637128	0	0	57.02857142857143	225.0399736139121	FGF1
regulation of leukocyte activation (GO:0002694)	1/16	0.020605924132812946	0.09011247419274916	0	0	53.224	206.6249708321616	GPER1
positive regulation of endothelial cell apoptotic process (GO:2000353)	1/16	0.020605924132812946	0.09011247419274916	0	0	53.224	206.6249708321616	GPER1
cellular response to corticosteroid stimulus (GO:0071384)	1/16	0.020605924132812946	0.09011247419274916	0	0	53.224	206.6249708321616	GPER1
positive regulation of positive chemotaxis (GO:0050927)	1/17	0.02188015065344143	0.09158405916369057	0	0	49.895	190.70744238188936	NTF3
negative regulation of vascular associated smooth muscle cell proliferation (GO:1904706)	1/17	0.02188015065344143	0.09158405916369057	0	0	49.895	190.70744238188936	GPER1
regulation of cholesterol biosynthetic process (GO:0045540)	1/17	0.02188015065344143	0.09158405916369057	0	0	49.895	190.70744238188936	FGF1
negative regulation of biosynthetic process (GO:0009890)	1/18	0.023152783214921657	0.09288024517346566	0	0	46.95764705882353	176.82560723797164	GPER1
nuclear membrane organization (GO:0071763)	1/19	0.02442382371261493	0.09288024517346566	0	0	44.346666666666664	164.6235293172426	GPER1
negative regulation of immune system process (GO:0002683)	1/19	0.02442382371261493	0.09288024517346566	0	0	44.346666666666664	164.6235293172426	GPER1
positive regulation of G protein-coupled receptor signaling pathway (GO:0045745)	1/19	0.02442382371261493	0.09288024517346566	0	0	44.346666666666664	164.6235293172426	GPER1
branching involved in ureteric bud morphogenesis (GO:0001658)	1/19	0.02442382371261493	0.09288024517346566	0	0	44.346666666666664	164.6235293172426	FGF1
positive regulation of actin cytoskeleton reorganization (GO:2000251)	1/19	0.02442382371261493	0.09288024517346566	0	0	44.346666666666664	164.6235293172426	NTF3
regulation of hippo signaling (GO:0035330)	1/20	0.025693274055310834	0.09288024517346566	0	0	42.01052631578948	153.82263569148483	SHANK2
positive regulation of protein processing (GO:0010954)	1/20	0.025693274055310834	0.09288024517346566	0	0	42.01052631578948	153.82263569148483	NKD2
negative regulation of osteoclast differentiation (GO:0045671)	1/20	0.025693274055310834	0.09288024517346566	0	0	42.01052631578948	153.82263569148483	LRRC17
cellular response to steroid hormone stimulus (GO:0071383)	1/21	0.026961136138080617	0.09288024517346566	0	0	39.908	144.2019250738276	GPER1
long-term synaptic potentiation (GO:0060291)	1/21	0.026961136138080617	0.09288024517346566	0	0	39.908	144.2019250738276	SHANK2
neurotrophin signaling pathway (GO:0038179)	1/21	0.026961136138080617	0.09288024517346566	0	0	39.908	144.2019250738276	NTF3
cellular response to estradiol stimulus (GO:0071392)	1/21	0.026961136138080617	0.09288024517346566	0	0	39.908	144.2019250738276	GPER1
negative regulation of intracellular signal transduction (GO:1902532)	2/198	0.027118843760692908	0.09288024517346566	0	0	8.409013605442176	30.335739008548607	GPER1;SHANK2
cellular response to nerve growth factor stimulus (GO:1990090)	1/22	0.028227411859507716	0.09288024517346566	0	0	38.005714285714284	135.5839309094672	NTF3
neuronal action potential (GO:0019228)	1/22	0.028227411859507716	0.09288024517346566	0	0	38.005714285714284	135.5839309094672	GPER1
glutamate metabolic process (GO:0006536)	1/22	0.028227411859507716	0.09288024517346566	0	0	38.005714285714284	135.5839309094672	NAGS
negative regulation of lipid biosynthetic process (GO:0051055)	1/22	0.028227411859507716	0.09288024517346566	0	0	38.005714285714284	135.5839309094672	GPER1
regulation of protein kinase B signaling (GO:0051896)	2/207	0.02943676431122581	0.09288024517346566	0	0	8.036178861788619	28.33163616409975	GPER1;FGF1
positive regulation of receptor internalization (GO:0002092)	1/23	0.02949210311266467	0.09288024517346566	0	0	36.276363636363634	127.82458269039886	NTF3
positive regulation of epithelial cell apoptotic process (GO:1904037)	1/23	0.02949210311266467	0.09288024517346566	0	0	36.276363636363634	127.82458269039886	GPER1
negative regulation of synaptic transmission (GO:0050805)	1/24	0.030755211794707714	0.09288024517346566	0	0	34.697391304347825	120.8057619164666	SHANK2
positive regulation of phospholipase activity (GO:0010518)	1/24	0.030755211794707714	0.09288024517346566	0	0	34.697391304347825	120.8057619164666	NTF3
apoptotic nuclear changes (GO:0030262)	1/24	0.030755211794707714	0.09288024517346566	0	0	34.697391304347825	120.8057619164666	GPER1
negative regulation of lipid metabolic process (GO:0045833)	1/24	0.030755211794707714	0.09288024517346566	0	0	34.697391304347825	120.8057619164666	GPER1
positive regulation of protein modification process (GO:0031401)	2/214	0.0312929153935775	0.09288024517346566	0	0	7.7680817610062896	26.911459324187256	GPER1;FGF1
cellular response to hexose stimulus (GO:0071331)	1/25	0.032016739803822636	0.09288024517346566	0	0	33.25	114.42975510355667	GPER1
positive regulation of release of cytochrome c from mitochondria (GO:0090200)	1/25	0.032016739803822636	0.09288024517346566	0	0	33.25	114.42975510355667	GPER1
positive regulation of ERBB signaling pathway (GO:1901186)	1/25	0.032016739803822636	0.09288024517346566	0	0	33.25	114.42975510355667	GPER1
peripheral nervous system development (GO:0007422)	1/25	0.032016739803822636	0.09288024517346566	0	0	33.25	114.42975510355667	NTF3
regulation of protein processing (GO:0070613)	1/25	0.032016739803822636	0.09288024517346566	0	0	33.25	114.42975510355667	NKD2
positive regulation of calcium ion transmembrane transport (GO:1904427)	1/27	0.034535061360654686	0.09920365665364532	0	0	30.689230769230768	103.29320526635196	GPER1
positive regulation of extrinsic apoptotic signaling pathway (GO:2001238)	1/29	0.03704708290694648	0.10437303165130114	0	0	28.494285714285713	93.90478962861957	GPER1
negative regulation of myeloid leukocyte differentiation (GO:0002762)	1/29	0.03704708290694648	0.10437303165130114	0	0	28.494285714285713	93.90478962861957	LRRC17
respiratory tube development (GO:0030323)	1/30	0.03830073589051536	0.10555351508088723	0	0	27.510344827586206	89.74661743899148	FGF1
negative regulation of peptidyl-tyrosine phosphorylation (GO:0050732)	1/31	0.03955281953600642	0.10555351508088723	0	0	26.592	85.8953057509563	NTF3
cellular response to glucose stimulus (GO:0071333)	1/32	0.04080333571367171	0.10555351508088723	0	0	25.732903225806453	82.31933722871672	GPER1
endodermal cell differentiation (GO:0035987)	1/32	0.04080333571367171	0.10555351508088723	0	0	25.732903225806453	82.31933722871672	COL12A1
negative regulation of smooth muscle cell proliferation (GO:0048662)	1/33	0.042052286305533364	0.10555351508088723	0	0	24.9275	78.99129706265623	GPER1
regulation of sprouting angiogenesis (GO:1903670)	1/33	0.042052286305533364	0.10555351508088723	0	0	24.9275	78.99129706265623	FGF1
regulation of neurotransmitter secretion (GO:0046928)	1/33	0.042052286305533364	0.10555351508088723	0	0	24.9275	78.99129706265623	GPER1
positive regulation of phosphorylation (GO:0042327)	2/253	0.04244482023749215	0.10555351508088723	0	0	6.548140770252324	20.689180750540086	GPER1;FGF1
positive regulation of calcium ion transport into cytosol (GO:0010524)	1/34	0.043299673200093314	0.10555351508088723	0	0	24.170909090909092	75.88723251587066	GPER1
positive regulation of release of sequestered calcium ion into cytosol (GO:0051281)	1/34	0.043299673200093314	0.10555351508088723	0	0	24.170909090909092	75.88723251587066	GPER1
positive regulation of epidermal growth factor receptor signaling pathway (GO:0045742)	1/34	0.043299673200093314	0.10555351508088723	0	0	24.170909090909092	75.88723251587066	GPER1
cell-substrate junction assembly (GO:0007044)	1/34	0.043299673200093314	0.10555351508088723	0	0	24.170909090909092	75.88723251587066	PLEC
lung development (GO:0030324)	1/35	0.04454549826752674	0.10555351508088723	0	0	23.458823529411763	72.98612815583363	FGF1
regulation of trans-synaptic signaling (GO:0099177)	1/35	0.04454549826752674	0.10555351508088723	0	0	23.458823529411763	72.98612815583363	NTF3
regulation of lipid biosynthetic process (GO:0046890)	1/35	0.04454549826752674	0.10555351508088723	0	0	23.458823529411763	72.98612815583363	GPER1
blood vessel diameter maintenance (GO:0097746)	1/35	0.04454549826752674	0.10555351508088723	0	0	23.458823529411763	72.98612815583363	GPER1
respiratory system development (GO:0060541)	1/35	0.04454549826752674	0.10555351508088723	0	0	23.458823529411763	72.98612815583363	FGF1
cellular response to heat (GO:0034605)	1/36	0.04578976337343589	0.10555351508088723	0	0	22.78742857142857	70.2694731674912	FGF1
regulation of receptor internalization (GO:0002090)	1/36	0.04578976337343589	0.10555351508088723	0	0	22.78742857142857	70.2694731674912	NTF3
negative regulation of fat cell differentiation (GO:0045599)	1/36	0.04578976337343589	0.10555351508088723	0	0	22.78742857142857	70.2694731674912	GPER1
regulation of osteoclast differentiation (GO:0045670)	1/36	0.04578976337343589	0.10555351508088723	0	0	22.78742857142857	70.2694731674912	LRRC17
endoderm formation (GO:0001706)	1/36	0.04578976337343589	0.10555351508088723	0	0	22.78742857142857	70.2694731674912	COL12A1
regulation of protein phosphorylation (GO:0001932)	2/266	0.04645042556545922	0.10555351508088723	0	0	6.221590909090909	19.09636232332055	GPER1;FGF1
regulation of actin cytoskeleton reorganization (GO:2000249)	1/37	0.04703247041327647	0.10555351508088723	0	0	22.153333333333332	67.72090251278901	NTF3
regulation of vascular associated smooth muscle cell proliferation (GO:1904705)	1/37	0.04703247041327647	0.10555351508088723	0	0	22.153333333333332	67.72090251278901	GPER1
glutamine family amino acid metabolic process (GO:0009064)	1/37	0.04703247041327647	0.10555351508088723	0	0	22.153333333333332	67.72090251278901	NAGS
positive regulation of potassium ion transport (GO:0043268)	1/38	0.04827362123153204	0.10555351508088723	0	0	21.553513513513515	65.32589775680604	GABBR1
positive regulation of cell development (GO:0010720)	1/38	0.04827362123153204	0.10555351508088723	0	0	21.553513513513515	65.32589775680604	GPER1
response to estradiol (GO:0032355)	1/38	0.04827362123153204	0.10555351508088723	0	0	21.553513513513515	65.32589775680604	GPER1
positive regulation of insulin secretion (GO:0032024)	1/38	0.04827362123153204	0.10555351508088723	0	0	21.553513513513515	65.32589775680604	GPER1
positive regulation of MAPK cascade (GO:0043410)	2/274	0.048982873508270325	0.10631097731794968	0	0	6.036151960784314	18.206751974451212	GPER1;FGF1
endothelial cell migration (GO:0043542)	1/39	0.049513217714441275	0.10667185875243598	0	0	20.985263157894735	63.07153622173417	PLEKHG5
bone development (GO:0060348)	1/40	0.050751261720201696	0.10697927830229567	0	0	20.446153846153845	60.94627977000699	LRRC17
digestive tract development (GO:0048565)	1/40	0.050751261720201696	0.10697927830229567	0	0	20.446153846153845	60.94627977000699	PYY
negative regulation of protein kinase B signaling (GO:0051898)	1/40	0.050751261720201696	0.10697927830229567	0	0	20.446153846153845	60.94627977000699	GPER1
epithelial cell migration (GO:0010631)	1/41	0.05198775512163259	0.10727050880731233	0	0	19.934	58.93979602481205	PLEKHG5
regulation of release of cytochrome c from mitochondria (GO:0090199)	1/41	0.05198775512163259	0.10727050880731233	0	0	19.934	58.93979602481205	GPER1
positive regulation of cation transmembrane transport (GO:1904064)	1/41	0.05198775512163259	0.10727050880731233	0	0	19.934	58.93979602481205	GABBR1
positive regulation of programmed cell death (GO:0043068)	2/286	0.05287473411464588	0.10805675119730676	0	0	5.777582159624413	16.98510745484134	GPER1;PLEKHG5
positive regulation of peptide hormone secretion (GO:0090277)	1/43	0.05445609753674947	0.10805675119730676	0	0	18.982857142857142	55.24695668935345	GPER1
positive regulation of phospholipase C activity (GO:0010863)	1/43	0.05445609753674947	0.10805675119730676	0	0	18.982857142857142	55.24695668935345	NTF3
cellular glucose homeostasis (GO:0001678)	1/43	0.05445609753674947	0.10805675119730676	0	0	18.982857142857142	55.24695668935345	GPER1
positive regulation of potassium ion transmembrane transport (GO:1901381)	1/44	0.05568795027574513	0.10805675119730676	0	0	18.54046511627907	53.54470543982107	GABBR1
positive regulation of cell division (GO:0051781)	1/44	0.05568795027574513	0.10805675119730676	0	0	18.54046511627907	53.54470543982107	FGF1
positive regulation of receptor-mediated endocytosis (GO:0048260)	1/44	0.05568795027574513	0.10805675119730676	0	0	18.54046511627907	53.54470543982107	NTF3
regulation of endothelial cell apoptotic process (GO:2000351)	1/44	0.05568795027574513	0.10805675119730676	0	0	18.54046511627907	53.54470543982107	GPER1
intracellular steroid hormone receptor signaling pathway (GO:0030518)	1/44	0.05568795027574513	0.10805675119730676	0	0	18.54046511627907	53.54470543982107	GPER1
positive regulation of nervous system development (GO:0051962)	1/45	0.05691825984444009	0.10829253334039576	0	0	18.118181818181817	51.929228934674526	GPER1
action potential (GO:0001508)	1/45	0.05691825984444009	0.10829253334039576	0	0	18.118181818181817	51.929228934674526	GPER1
chromosome condensation (GO:0030261)	1/45	0.05691825984444009	0.10829253334039576	0	0	18.118181818181817	51.929228934674526	GPER1
extracellular matrix organization (GO:0030198)	2/300	0.05755170894318743	0.10879129497002528	0	0	5.502237136465324	15.709280155741869	COL12A1;PLEC
positive regulation of apoptotic process (GO:0043065)	2/310	0.06097905878962085	0.11453118093178788	0	0	5.320887445887446	14.883718174150353	GPER1;PLEKHG5
response to glucose (GO:0009749)	1/49	0.06182410346022105	0.11537874085251444	0	0	16.605	46.219385960868735	GPER1
negative regulation of ERK1 and ERK2 cascade (GO:0070373)	1/50	0.06304672495404354	0.11691576209832123	0	0	16.26530612244898	44.95534064809558	GPER1
regulation of release of sequestered calcium ion into cytosol (GO:0051279)	1/52	0.06548737353822447	0.11844321263394919	0	0	15.625882352941176	42.594560287369276	GPER1
amide biosynthetic process (GO:0043604)	1/52	0.06548737353822447	0.11844321263394919	0	0	15.625882352941176	42.594560287369276	NAGS
response to peptide hormone (GO:0043434)	1/52	0.06548737353822447	0.11844321263394919	0	0	15.625882352941176	42.594560287369276	GPER1
plasma membrane bounded cell projection morphogenesis (GO:0120039)	1/52	0.06548737353822447	0.11844321263394919	0	0	15.625882352941176	42.594560287369276	NTF3
regulation of potassium ion transmembrane transport (GO:1901379)	1/54	0.0679219085557706	0.12209275587018888	0	0	15.034716981132075	40.43431729208938	GABBR1
regulation of apoptotic process (GO:0042981)	3/742	0.07026340047199214	0.12480802449846287	0	0	3.3950108842736952	9.015465780753704	GPER1;PLEKHG5;NTF3
Rho protein signal transduction (GO:0007266)	1/56	0.07035034469412263	0.12480802449846287	0	0	14.486545454545455	38.45116817407706	PLEKHG5
cellular response to peptide (GO:1901653)	1/57	0.07156228025850431	0.12480802449846287	0	0	14.227142857142857	37.51963840746828	GPER1
positive regulation of proteolysis (GO:0045862)	1/57	0.07156228025850431	0.12480802449846287	0	0	14.227142857142857	37.51963840746828	NKD2
dicarboxylic acid metabolic process (GO:0043648)	1/57	0.07156228025850431	0.12480802449846287	0	0	14.227142857142857	37.51963840746828	NAGS
positive regulation of mitochondrion organization (GO:0010822)	1/58	0.07277269660307303	0.12616804795680708	0	0	13.976842105263158	36.62511888924771	GPER1
positive regulation of apoptotic signaling pathway (GO:2001235)	1/59	0.07398159556008312	0.12750945587708443	0	0	13.735172413793103	35.76555009478774	GPER1
adenylate cyclase-inhibiting G protein-coupled receptor signaling pathway (GO:0007193)	1/60	0.07518897894221435	0.12883257795361874	0	0	13.501694915254237	34.93901932570728	GABBR1
supramolecular fiber organization (GO:0097435)	2/351	0.07573568441180563	0.12901485774801771	0	0	4.686007640878701	12.092270070053646	COL12A1;PLEC
O-glycan processing (GO:0016266)	1/61	0.07639484857235952	0.1293854949809326	0	0	13.276	34.14374800125462	GALNT9
positive regulation of cysteine-type endopeptidase activity (GO:2001056)	1/62	0.07759920628090147	0.1299232425160236	0	0	13.057704918032787	33.378080243086835	GPER1
regulation of neurogenesis (GO:0050767)	1/62	0.07759920628090147	0.1299232425160236	0	0	13.057704918032787	33.378080243086835	GPER1
neuropeptide signaling pathway (GO:0007218)	1/63	0.07880205387578099	0.13095527488390132	0	0	12.846451612903225	32.64047260238857	PYY
regulation of extrinsic apoptotic signaling pathway (GO:2001236)	1/64	0.08000339318845849	0.13095527488390132	0	0	12.641904761904762	31.929484782564348	GPER1
negative regulation of cell cycle process (GO:0010948)	1/64	0.08000339318845849	0.13095527488390132	0	0	12.641904761904762	31.929484782564348	GPER1
antimicrobial humoral immune response mediated by antimicrobial peptide (GO:0061844)	1/64	0.08000339318845849	0.13095527488390132	0	0	12.641904761904762	31.929484782564348	CXCL14
regulation of epidermal growth factor receptor signaling pathway (GO:0042058)	1/67	0.08359837951382848	0.13607958443084303	0	0	12.065454545454546	29.94321429852069	GPER1
synapse assembly (GO:0007416)	1/69	0.0859875288365276	0.1369257932016445	0	0	11.709411764705882	28.729662442835576	SHANK2
positive regulation of protein transport (GO:0051222)	1/69	0.0859875288365276	0.1369257932016445	0	0	11.709411764705882	28.729662442835576	FRMD4A
cell chemotaxis (GO:0060326)	1/69	0.0859875288365276	0.1369257932016445	0	0	11.709411764705882	28.729662442835576	PLEKHG5
positive regulation of MAP kinase activity (GO:0043406)	1/69	0.0859875288365276	0.1369257932016445	0	0	11.709411764705882	28.729662442835576	FGF1
negative regulation of neuron apoptotic process (GO:0043524)	1/71	0.08837068844278195	0.1399600633174871	0	0	11.373714285714286	27.595075557690926	NTF3
positive regulation of neurogenesis (GO:0050769)	1/72	0.08956002659775081	0.14108111716742466	0	0	11.212957746478873	27.05514238024048	GPER1
fibroblast growth factor receptor signaling pathway (GO:0008543)	1/75	0.0931190960947256	0.14590318265109412	0	0	10.756756756756756	25.53520672349185	FGF1
cellular response to hormone stimulus (GO:0032870)	1/76	0.09430247690616043	0.14619378694976193	0	0	10.6128	25.05945090071607	GPER1
regulation of cell division (GO:0051302)	1/76	0.09430247690616043	0.14619378694976193	0	0	10.6128	25.05945090071607	FGF1
transmembrane receptor protein tyrosine kinase signaling pathway (GO:0007169)	2/404	0.09630786375531288	0.14851686358056143	0	0	4.057213930348259	9.494713561609935	NTF3;FGF1
positive regulation of proteasomal ubiquitin-dependent protein catabolic process (GO:0032436)	1/79	0.09784371739772278	0.14853994402866724	0	0	10.203076923076923	23.715866645497698	NKD2
positive regulation of ubiquitin-dependent protein catabolic process (GO:2000060)	1/79	0.09784371739772278	0.14853994402866724	0	0	10.203076923076923	23.715866645497698	NKD2
regulation of neuron differentiation (GO:0045664)	1/79	0.09784371739772278	0.14853994402866724	0	0	10.203076923076923	23.715866645497698	NTF3
regulation of fat cell differentiation (GO:0045598)	1/80	0.09902116952190523	0.14878565471752941	0	0	10.073417721518988	23.293988907916823	GPER1
negative regulation of cell cycle (GO:0045786)	1/80	0.09902116952190523	0.14878565471752941	0	0	10.073417721518988	23.293988907916823	GPER1
regulation of G protein-coupled receptor signaling pathway (GO:0008277)	1/82	0.1013716424127319	0.15077102145649973	0	0	9.823703703703703	22.4860833724728	GPER1
positive regulation of cytoskeleton organization (GO:0051495)	1/82	0.1013716424127319	0.15077102145649973	0	0	9.823703703703703	22.4860833724728	NTF3
negative regulation of defense response (GO:0031348)	1/85	0.10488630001430685	0.1552105348696561	0	0	9.471428571428572	21.35691944281389	GPER1
positive regulation of proteasomal protein catabolic process (GO:1901800)	1/86	0.10605491252536185	0.15537044684965512	0	0	9.359529411764706	21.000895961244385	NKD2
positive regulation of endothelial cell migration (GO:0010595)	1/86	0.10605491252536185	0.15537044684965512	0	0	9.359529411764706	21.000895961244385	FGF1
regulation of cysteine-type endopeptidase activity involved in apoptotic process (GO:0043281)	1/89	0.1095519547385849	0.15777609393255995	0	0	9.039090909090909	19.988651258599795	GPER1
regulation of endothelial cell migration (GO:0010594)	1/89	0.1095519547385849	0.15777609393255995	0	0	9.039090909090909	19.988651258599795	FGF1
SCF-dependent proteasomal ubiquitin-dependent protein catabolic process (GO:0031146)	1/89	0.1095519547385849	0.15777609393255995	0	0	9.039090909090909	19.988651258599795	FBXL13
regulation of intracellular signal transduction (GO:1902531)	2/437	0.10985093229434208	0.15777609393255995	0	0	3.7431034482758623	8.267134286658058	PLEKHG5;FGF1
cellular response to fibroblast growth factor stimulus (GO:0044344)	1/92	0.11303584104657523	0.16009046317518155	0	0	8.73978021978022	19.053160779847286	FGF1
regulation of peptidyl-tyrosine phosphorylation (GO:0050730)	1/92	0.11303584104657523	0.16009046317518155	0	0	8.73978021978022	19.053160779847286	NTF3
nervous system development (GO:0007399)	2/447	0.11405340675142943	0.16009046317518155	0	0	3.657116104868914	7.939922572214327	NTF3;SHANK2
positive regulation of peptidyl-serine phosphorylation (GO:0033138)	1/93	0.11419422117274042	0.16009046317518155	0	0	8.644347826086957	18.756977771089673	NTF3
regulation of epithelial cell proliferation (GO:0050678)	1/93	0.11419422117274042	0.16009046317518155	0	0	8.644347826086957	18.756977771089673	FGF1
positive regulation of epithelial cell migration (GO:0010634)	1/94	0.11535114656102549	0.16017955422929134	0	0	8.550967741935484	18.46816083576708	FGF1
negative regulation of MAPK cascade (GO:0043409)	1/94	0.11535114656102549	0.16017955422929134	0	0	8.550967741935484	18.46816083576708	GPER1
positive regulation of cold-induced thermogenesis (GO:0120162)	1/97	0.11881321187675954	0.16272940003899475	0	0	8.2825	17.64340359069681	DIO2
regulation of MAP kinase activity (GO:0043405)	1/97	0.11881321187675954	0.16272940003899475	0	0	8.2825	17.64340359069681	FGF1
regulation of neuron apoptotic process (GO:0043523)	1/98	0.11996433586492446	0.16272940003899475	0	0	8.196701030927835	17.38160274385576	NTF3
negative regulation of neuron death (GO:1901215)	1/98	0.11996433586492446	0.16272940003899475	0	0	8.196701030927835	17.38160274385576	NTF3
regulation of peptidyl-serine phosphorylation (GO:0033135)	1/98	0.11996433586492446	0.16272940003899475	0	0	8.196701030927835	17.38160274385576	NTF3
protein O-linked glycosylation (GO:0006493)	1/102	0.12455438941371809	0.16588380044645182	0	0	7.87049504950495	16.39434189671731	GALNT9
positive regulation of vasculature development (GO:1904018)	1/102	0.12455438941371809	0.16588380044645182	0	0	7.87049504950495	16.39434189671731	FGF1
cell junction assembly (GO:0034329)	1/102	0.12455438941371809	0.16588380044645182	0	0	7.87049504950495	16.39434189671731	SHANK2
regulation of proteasomal ubiquitin-dependent protein catabolic process (GO:0032434)	1/102	0.12455438941371809	0.16588380044645182	0	0	7.87049504950495	16.39434189671731	NKD2
regulation of insulin secretion (GO:0050796)	1/104	0.1268407751212756	0.1666633288717169	0	0	7.716893203883495	15.934016402186291	GPER1
activation of GTPase activity (GO:0090630)	1/105	0.12798181377597367	0.1666633288717169	0	0	7.642307692307693	15.711568991148608	NTF3
positive regulation of cellular metabolic process (GO:0031325)	1/105	0.12798181377597367	0.1666633288717169	0	0	7.642307692307693	15.711568991148608	NTF3
positive regulation of gene expression (GO:0010628)	2/482	0.12908750182648882	0.1666633288717169	0	0	3.384375	6.928711793405378	GPER1;FGF1
cellular response to peptide hormone stimulus (GO:0071375)	1/106	0.129121418613924	0.1666633288717169	0	0	7.569142857142857	15.494051230927994	GPER1
positive regulation of protein serine/threonine kinase activity (GO:0071902)	1/106	0.129121418613924	0.1666633288717169	0	0	7.569142857142857	15.494051230927994	FGF1
regulation of cell cycle process (GO:0010564)	1/106	0.129121418613924	0.1666633288717169	0	0	7.569142857142857	15.494051230927994	GPER1
modulation of chemical synaptic transmission (GO:0050804)	1/109	0.1325316475049292	0.1703147926269485	0	0	7.357777777777778	14.869581899518366	NTF3
response to tumor necrosis factor (GO:0034612)	1/110	0.13366553435296216	0.17102184089702147	0	0	7.289908256880734	14.670317893037893	GPER1
regulation of Wnt signaling pathway (GO:0030111)	1/111	0.13479799599754858	0.17172092533600752	0	0	7.223272727272727	14.475279251354007	NKD2
positive regulation of metabolic process (GO:0009893)	1/113	0.13705865061663106	0.1738449551111381	0	0	7.093571428571429	14.097383202443446	DIO2
positive regulation of angiogenesis (GO:0045766)	1/116	0.14043898652262077	0.17736475453072365	0	0	6.907478260869565	13.55925648720389	FGF1
negative regulation of response to external stimulus (GO:0032102)	1/118	0.14268546642654423	0.17866171650845067	0	0	6.788717948717949	13.21839830149686	GPER1
adenylate cyclase-activating G protein-coupled receptor signaling pathway (GO:0007189)	1/118	0.14268546642654423	0.17866171650845067	0	0	6.788717948717949	13.21839830149686	GPER1
positive regulation of cysteine-type endopeptidase activity involved in apoptotic process (GO:0043280)	1/119	0.1438065882864303	0.17929927816137906	0	0	6.730847457627118	13.053038371424424	GPER1
positive regulation of epithelial cell proliferation (GO:0050679)	1/123	0.148276994905322	0.18408965892906504	0	0	6.508852459016394	12.423272038159293	FGF1
regulation of protein secretion (GO:0050708)	1/125	0.15050377348511126	0.1860658465448844	0	0	6.403225806451613	12.126218507747616	FRMD4A
synapse organization (GO:0050808)	1/126	0.1516150625327524	0.18665215681553132	0	0	6.35168	11.98187555013324	SHANK2
protein glycosylation (GO:0006486)	1/130	0.15604625642911038	0.1913035695971939	0	0	6.153488372093023	11.430737230465454	GALNT9
regulation of cell motility (GO:2000145)	1/133	0.15935503861639075	0.19454594297751038	0	0	6.012727272727273	11.04309888437679	FGF1
positive regulation of peptidyl-tyrosine phosphorylation (GO:0050731)	1/134	0.16045519149784035	0.19507622866749882	0	0	5.967218045112782	10.918460864169376	NTF3
protein localization to plasma membrane (GO:0072659)	1/136	0.16265134558129846	0.1961187006391788	0	0	5.878222222222222	10.675711852383175	NKD2
cellular calcium ion homeostasis (GO:0006874)	1/136	0.16265134558129846	0.1961187006391788	0	0	5.878222222222222	10.675711852383175	GPER1
neuron projection morphogenesis (GO:0048812)	1/140	0.1670270935971572	0.19893877408116692	0	0	5.707913669064748	10.214877979073918	NTF3
protein localization to cell periphery (GO:1990778)	1/140	0.1670270935971572	0.19893877408116692	0	0	5.707913669064748	10.214877979073918	NKD2
enzyme linked receptor protein signaling pathway (GO:0007167)	1/140	0.1670270935971572	0.19893877408116692	0	0	5.707913669064748	10.214877979073918	NTF3
regulation of small GTPase mediated signal transduction (GO:0051056)	1/141	0.16811759029772438	0.1994269390981103	0	0	5.666857142857143	10.104525382158798	PLEKHG5
Ras protein signal transduction (GO:0007265)	1/142	0.16920671419463995	0.19990954539931252	0	0	5.626382978723404	9.996024144331518	PLEKHG5
positive regulation of cytosolic calcium ion concentration (GO:0007204)	1/147	0.17463179980363083	0.20549043109423226	0	0	5.432328767123288	9.47982396276961	GPER1
regulation of cytosolic calcium ion concentration (GO:0051480)	1/148	0.17571272171279131	0.20593530984739142	0	0	5.395102040816327	9.381569269744272	GPER1
cellular response to organic cyclic compound (GO:0071407)	1/150	0.17787048350933643	0.2076336719850023	0	0	5.322147651006712	9.189750296073623	GPER1
negative regulation of protein phosphorylation (GO:0001933)	1/152	0.18002281355902922	0.20931223957458558	0	0	5.25112582781457	9.003956819260248	NTF3
regulation of cell differentiation (GO:0045595)	1/156	0.18431123094403512	0.21345134650830944	0	0	5.114580645161291	8.649418095514111	NTF3
organonitrogen compound biosynthetic process (GO:1901566)	1/158	0.18644734444168432	0.21507508630477756	0	0	5.048917197452229	8.480193714632895	NAGS
positive regulation of protein kinase B signaling (GO:0051897)	1/161	0.18964143239267137	0.21790172427863808	0	0	4.9535	8.235789100052237	FGF1
negative regulation of canonical Wnt signaling pathway (GO:0090090)	1/165	0.19388146414124166	0.2219033945054055	0	0	4.831707317073171	7.926456035308097	NKD2
regulation of MAPK cascade (GO:0043408)	1/166	0.19493813427133033	0.22224464335213923	0	0	4.802181818181818	7.8519179804021215	GPER1
neuron projection development (GO:0031175)	1/171	0.20020153882961172	0.22648282191921326	0	0	4.659764705882353	7.494908727328963	NTF3
positive regulation of I-kappaB kinase/NF-kappaB signaling (GO:0043123)	1/171	0.20020153882961172	0.22648282191921326	0	0	4.659764705882353	7.494908727328963	PLEKHG5
positive regulation of ERK1 and ERK2 cascade (GO:0070374)	1/172	0.20125024176405518	0.22679354168026217	0	0	4.632280701754386	7.426500962257755	GPER1
negative regulation of cell differentiation (GO:0045596)	1/191	0.2209261860758845	0.247066307329138	0	0	4.165052631578948	6.288923895898449	GPER1
negative regulation of Wnt signaling pathway (GO:0030178)	1/191	0.2209261860758845	0.247066307329138	0	0	4.165052631578948	6.288923895898449	NKD2
cellular response to tumor necrosis factor (GO:0071356)	1/194	0.22398999577288112	0.24765686325077044	0	0	4.099689119170985	6.13376582283434	GPER1
negative regulation of macromolecule metabolic process (GO:0010605)	1/194	0.22398999577288112	0.24765686325077044	0	0	4.099689119170985	6.13376582283434	GPER1
regulation of programmed cell death (GO:0043067)	1/194	0.22398999577288112	0.24765686325077044	0	0	4.099689119170985	6.13376582283434	NTF3
protein localization to membrane (GO:0072657)	1/195	0.2250086886802164	0.24784791647858423	0	0	4.078350515463917	6.083333947603946	NKD2
regulation of angiogenesis (GO:0045765)	1/203	0.23311206997746908	0.2558121217355747	0	0	3.915247524752475	5.701524214455285	FGF1
regulation of inflammatory response (GO:0050727)	1/206	0.23612978284664893	0.25815681482861247	0	0	3.8573658536585365	5.567620415942637	GPER1
negative regulation of inflammatory response (GO:0050728)	1/212	0.24213099081196915	0.26373375579147573	0	0	3.7465402843601896	5.3136297228557305	GPER1
positive regulation of GTPase activity (GO:0043547)	1/214	0.24412129988043293	0.2649168180183958	0	0	3.710985915492958	5.23282430236071	NTF3
cellular response to lipid (GO:0071396)	1/219	0.24907510867560553	0.2692952281990864	0	0	3.624954128440367	5.038689090408649	GPER1
regulation of I-kappaB kinase/NF-kappaB signaling (GO:0043122)	1/224	0.2539976924152587	0.27360780837378973	0	0	3.542780269058296	4.855132707719149	PLEKHG5
regulation of ERK1 and ERK2 cascade (GO:0070372)	1/238	0.2676164142486479	0.28722201236210193	0	0	3.331139240506329	4.391109791696545	GPER1
regulation of canonical Wnt signaling pathway (GO:0060828)	1/253	0.2819425433246273	0.30149330362815985	0	0	3.1304761904761906	3.9633455663947603	NKD2
negative regulation of signal transduction (GO:0009968)	1/267	0.2950702072474745	0.3143838935400365	0	0	2.963609022556391	3.617209165918771	NKD2
regulation of cell cycle (GO:0051726)	1/296	0.32153302692560787	0.341337597424649	0	0	2.6683389830508473	3.0276442034318283	GPER1
MAPK cascade (GO:0000165)	1/303	0.32777600874410323	0.34670891899647016	0	0	2.605562913907285	2.9063095026874386	FGF1
positive regulation of transcription by RNA polymerase II (GO:0045944)	2/908	0.33179012765632077	0.3496924726737482	0	0	1.7538631346578366	1.9349541608130614	GPER1;FGF1
protein polyubiquitination (GO:0000209)	1/314	0.33747495075622325	0.35440917767589036	0	0	2.51258785942492	2.729333716936047	FBXL13
proteasome-mediated ubiquitin-dependent protein catabolic process (GO:0043161)	1/321	0.3435767940802388	0.3587797770973861	0	0	2.45675	2.624655666691318	FBXL13
negative regulation of gene expression (GO:0010629)	1/322	0.34444406252711174	0.3587797770973861	0	0	2.4489719626168225	2.6101720513844753	GPER1
cellular response to oxygen-containing compound (GO:1901701)	1/323	0.3453102291517505	0.3587797770973861	0	0	2.441242236024845	2.595802289145591	GPER1
post-translational protein modification (GO:0043687)	1/345	0.36408983611693574	0.37562789430374005	0	0	2.2825581395348835	2.3061932056987158	FBXL13
positive regulation of multicellular organismal process (GO:0051240)	1/345	0.36408983611693574	0.37562789430374005	0	0	2.2825581395348835	2.3061932056987158	DIO2
negative regulation of cell population proliferation (GO:0008285)	1/379	0.39209785482609166	0.4031041104001574	0	0	2.0736507936507937	1.9414427832883125	GPER1
regulation of gene expression (GO:0010468)	2/1079	0.4130111379914577	0.4231198022080318	0	0	1.462163416898793	1.2929629159566898	GPER1;FGF1
positive regulation of transcription, DNA-templated (GO:0045893)	2/1183	0.46029379851794733	0.46991666538591836	0	0	1.3260654812305956	1.0288813453059515	GPER1;FGF1
cellular response to cytokine stimulus (GO:0071345)	1/482	0.46989198617717726	0.47804983315941996	0	0	1.6210395010395011	1.2242940179647492	GPER1
negative regulation of apoptotic process (GO:0043066)	1/485	0.472007745694873	0.4785407248740408	0	0	1.6107438016528925	1.2092818283308062	NTF3
protein ubiquitination (GO:0016567)	1/525	0.49945351838005536	0.5046202789150214	0	0	1.484732824427481	1.0307620169892027	FBXL13
negative regulation of cellular process (GO:0048523)	1/566	0.5261594770618758	0.5297756933990708	0	0	1.3740884955752213	0.8823721969074886	GPER1
cellular protein modification process (GO:0006464)	1/1025	0.7455709963821778	0.7481243217122537	0	0	0.740234375	0.21733645154354747	FBXL13
regulation of transcription by RNA polymerase II (GO:0006357)	2/2206	0.7978926470507148	0.7978926470507148	0	0	0.6718844525105868	0.15169889010178225	GPER1;FGF1
